Timestamp,Initial seed,Algorithm,Nb. rows,Nb. columns,Density,Runtime,Communication cost
2023-05-24 15:38:55.058775,"[1486341340, 1486341340, 1486341340]",Dense sharing,10,1,0.0001,0.001286,1200
2023-05-24 15:38:55.060442,"[1486341340, 1486341340, 1486341340]",Dense,10,1,0.0001,0.001191,372
2023-05-24 15:38:55.731988,"[1486341340, 1486341340, 1486341340]",Sparse sharing,10,1,0.0001,0.000122,0
2023-05-24 15:38:55.732603,"[1486341340, 1486341340, 1486341340]",Sparse,10,1,0.0001,0.000484,26
2023-05-24 15:38:56.423003,"[1228962651, 1228962651, 1228962651]",Dense sharing,10,1,0.001,0.00144,1200
2023-05-24 15:38:56.424913,"[1228962651, 1228962651, 1228962651]",Dense,10,1,0.001,0.001296,372
2023-05-24 15:38:57.036191,"[1228962651, 1228962651, 1228962651]",Sparse sharing,10,1,0.001,0.000174,0
2023-05-24 15:38:57.036727,"[1228962651, 1228962651, 1228962651]",Sparse,10,1,0.001,0.000401,26
2023-05-24 15:38:57.666610,"[1363957683, 1363957683, 1363957683]",Dense sharing,10,1,0.005,0.00196,1200
2023-05-24 15:38:57.669046,"[1363957683, 1363957683, 1363957683]",Dense,10,1,0.005,0.001678,372
2023-05-24 15:38:58.298431,"[1363957683, 1363957683, 1363957683]",Sparse sharing,10,1,0.005,0.000124,0
2023-05-24 15:38:58.298901,"[1363957683, 1363957683, 1363957683]",Sparse,10,1,0.005,0.000396,26
2023-05-24 15:38:58.939847,"[1246950452, 1246950452, 1246950452]",Dense sharing,10,1,0.01,0.001302,1200
2023-05-24 15:38:58.941483,"[1246950452, 1246950452, 1246950452]",Dense,10,1,0.01,0.001183,372
2023-05-24 15:38:59.573178,"[1246950452, 1246950452, 1246950452]",Sparse sharing,10,1,0.01,0.000165,0
2023-05-24 15:38:59.573706,"[1246950452, 1246950452, 1246950452]",Sparse,10,1,0.01,0.000374,26
2023-05-24 15:39:00.261705,"[2311075880, 2311075880, 2311075880]",Dense sharing,30,1,0.0001,0.002351,2318
2023-05-24 15:39:00.264531,"[2311075880, 2311075880, 2311075880]",Dense,30,1,0.0001,0.001733,372
2023-05-24 15:39:00.915438,"[2311075880, 2311075880, 2311075880]",Sparse sharing,30,1,0.0001,0.000116,0
2023-05-24 15:39:00.915890,"[2311075880, 2311075880, 2311075880]",Sparse,30,1,0.0001,0.000397,26
2023-05-24 15:39:01.629950,"[2345664438, 2345664438, 2345664438]",Dense sharing,30,1,0.001,0.002353,2320
2023-05-24 15:39:01.632778,"[2345664438, 2345664438, 2345664438]",Dense,30,1,0.001,0.001646,372
2023-05-24 15:39:02.285574,"[2345664438, 2345664438, 2345664438]",Sparse sharing,30,1,0.001,0.00015,0
2023-05-24 15:39:02.286210,"[2345664438, 2345664438, 2345664438]",Sparse,30,1,0.001,0.000457,26
2023-05-24 15:39:02.936346,"[80740328, 80740328, 80740328]",Dense sharing,30,1,0.005,0.002476,2318
2023-05-24 15:39:02.939344,"[80740328, 80740328, 80740328]",Dense,30,1,0.005,0.001713,372
2023-05-24 15:39:03.587822,"[80740328, 80740328, 80740328]",Sparse sharing,30,1,0.005,0.000131,0
2023-05-24 15:39:03.588305,"[80740328, 80740328, 80740328]",Sparse,30,1,0.005,0.000403,26
2023-05-24 15:39:04.231747,"[1157103124, 1157103124, 1157103124]",Dense sharing,30,1,0.01,0.001513,2320
2023-05-24 15:39:04.233617,"[1157103124, 1157103124, 1157103124]",Dense,30,1,0.01,0.001185,372
2023-05-24 15:39:04.935326,"[1157103124, 1157103124, 1157103124]",Sparse sharing,30,1,0.01,0.000165,0
2023-05-24 15:39:04.936001,"[1157103124, 1157103124, 1157103124]",Sparse,30,1,0.01,0.000554,26
2023-05-24 15:39:05.573209,"[607852865, 607852865, 607852865]",Dense sharing,50,1,0.0001,0.001805,3439
2023-05-24 15:39:05.575385,"[607852865, 607852865, 607852865]",Dense,50,1,0.0001,0.001532,372
2023-05-24 15:39:06.214181,"[607852865, 607852865, 607852865]",Sparse sharing,50,1,0.0001,0.000123,0
2023-05-24 15:39:06.214733,"[607852865, 607852865, 607852865]",Sparse,50,1,0.0001,0.000474,26
2023-05-24 15:39:06.847989,"[2376171653, 2376171653, 2376171653]",Dense sharing,50,1,0.001,0.002618,3439
2023-05-24 15:39:06.851065,"[2376171653, 2376171653, 2376171653]",Dense,50,1,0.001,0.001745,372
2023-05-24 15:39:07.475030,"[2376171653, 2376171653, 2376171653]",Sparse sharing,50,1,0.001,0.000155,0
2023-05-24 15:39:07.475720,"[2376171653, 2376171653, 2376171653]",Sparse,50,1,0.001,0.000528,26
2023-05-24 15:39:08.123093,"[1789899462, 1789899462, 1789899462]",Dense sharing,50,1,0.005,0.001859,3439
2023-05-24 15:39:08.125400,"[1789899462, 1789899462, 1789899462]",Dense,50,1,0.005,0.001681,372
2023-05-24 15:39:08.841280,"[1789899462, 1789899462, 1789899462]",Sparse sharing,50,1,0.005,0.000158,0
2023-05-24 15:39:08.841859,"[1789899462, 1789899462, 1789899462]",Sparse,50,1,0.005,0.000571,26
2023-05-24 15:39:09.551311,"[3526080530, 3526080530, 3526080530]",Dense sharing,50,1,0.01,0.001765,3440
2023-05-24 15:39:09.553426,"[3526080530, 3526080530, 3526080530]",Dense,50,1,0.01,0.001197,372
2023-05-24 15:39:10.187369,"[3526080530, 3526080530, 3526080530]",Sparse sharing,50,1,0.01,0.000112,0
2023-05-24 15:39:10.187863,"[3526080530, 3526080530, 3526080530]",Sparse,50,1,0.01,0.000384,26
2023-05-24 15:39:10.800958,"[3217693741, 3217693741, 3217693741]",Dense sharing,70,1,0.0001,0.002159,4559
2023-05-24 15:39:10.803495,"[3217693741, 3217693741, 3217693741]",Dense,70,1,0.0001,0.001222,372
2023-05-24 15:39:11.524718,"[3217693741, 3217693741, 3217693741]",Sparse sharing,70,1,0.0001,0.000137,0
2023-05-24 15:39:11.525387,"[3217693741, 3217693741, 3217693741]",Sparse,70,1,0.0001,0.000561,26
2023-05-24 15:39:12.166811,"[2252540683, 2252540683, 2252540683]",Dense sharing,70,1,0.001,0.002205,4559
2023-05-24 15:39:12.169464,"[2252540683, 2252540683, 2252540683]",Dense,70,1,0.001,0.001276,372
2023-05-24 15:39:12.798335,"[2252540683, 2252540683, 2252540683]",Sparse sharing,70,1,0.001,0.00012,0
2023-05-24 15:39:12.798809,"[2252540683, 2252540683, 2252540683]",Sparse,70,1,0.001,0.000391,26
2023-05-24 15:39:13.441573,"[759296115, 759296115, 759296115]",Dense sharing,70,1,0.005,0.002198,4555
2023-05-24 15:39:13.444132,"[759296115, 759296115, 759296115]",Dense,70,1,0.005,0.001353,372
2023-05-24 15:39:14.126733,"[759296115, 759296115, 759296115]",Sparse sharing,70,1,0.005,0.00012,0
2023-05-24 15:39:14.127249,"[759296115, 759296115, 759296115]",Sparse,70,1,0.005,0.000455,26
2023-05-24 15:39:14.820746,"[838757935, 838757935, 838757935]",Dense sharing,70,1,0.01,0.002335,4559
2023-05-24 15:39:14.823454,"[838757935, 838757935, 838757935]",Dense,70,1,0.01,0.001418,372
2023-05-24 15:39:15.467423,"[838757935, 838757935, 838757935]",Sparse sharing,70,1,0.01,0.002379,1296
2023-05-24 15:39:15.470270,"[838757935, 838757935, 838757935]",Sparse,70,1,0.01,0.080152,33352
2023-05-24 15:39:16.176456,"[1473825940, 1473825940, 1473825940]",Dense sharing,90,1,0.0001,0.003373,5679
2023-05-24 15:39:16.180285,"[1473825940, 1473825940, 1473825940]",Dense,90,1,0.0001,0.001722,372
2023-05-24 15:39:16.824342,"[1473825940, 1473825940, 1473825940]",Sparse sharing,90,1,0.0001,0.000113,0
2023-05-24 15:39:16.824866,"[1473825940, 1473825940, 1473825940]",Sparse,90,1,0.0001,0.000463,26
2023-05-24 15:39:17.512014,"[3397185744, 3397185744, 3397185744]",Dense sharing,90,1,0.001,0.002305,5678
2023-05-24 15:39:17.514693,"[3397185744, 3397185744, 3397185744]",Dense,90,1,0.001,0.001334,372
2023-05-24 15:39:18.157401,"[3397185744, 3397185744, 3397185744]",Sparse sharing,90,1,0.001,0.000114,0
2023-05-24 15:39:18.157895,"[3397185744, 3397185744, 3397185744]",Sparse,90,1,0.001,0.000436,26
2023-05-24 15:39:18.803630,"[3833472447, 3833472447, 3833472447]",Dense sharing,90,1,0.005,0.003708,5678
2023-05-24 15:39:18.807858,"[3833472447, 3833472447, 3833472447]",Dense,90,1,0.005,0.001772,372
2023-05-24 15:39:19.439305,"[3833472447, 3833472447, 3833472447]",Sparse sharing,90,1,0.005,0.000111,0
2023-05-24 15:39:19.439761,"[3833472447, 3833472447, 3833472447]",Sparse,90,1,0.005,0.000435,26
2023-05-24 15:39:20.053027,"[922801664, 922801664, 922801664]",Dense sharing,90,1,0.01,0.002424,5680
2023-05-24 15:39:20.055827,"[922801664, 922801664, 922801664]",Dense,90,1,0.01,0.001276,372
2023-05-24 15:39:20.723117,"[922801664, 922801664, 922801664]",Sparse sharing,90,1,0.01,0.001682,1296
2023-05-24 15:39:20.725131,"[922801664, 922801664, 922801664]",Sparse,90,1,0.01,0.058818,33355
2023-05-24 15:39:21.469207,"[2074757021, 2074757021, 2074757021]",Dense sharing,100,1,0.0001,0.002331,6238
2023-05-24 15:39:21.471912,"[2074757021, 2074757021, 2074757021]",Dense,100,1,0.0001,0.001856,372
2023-05-24 15:39:22.083945,"[2074757021, 2074757021, 2074757021]",Sparse sharing,100,1,0.0001,0.000144,0
2023-05-24 15:39:22.084477,"[2074757021, 2074757021, 2074757021]",Sparse,100,1,0.0001,0.000534,26
2023-05-24 15:39:22.733328,"[3759518672, 3759518672, 3759518672]",Dense sharing,100,1,0.001,0.002394,6237
2023-05-24 15:39:22.736079,"[3759518672, 3759518672, 3759518672]",Dense,100,1,0.001,0.001368,372
2023-05-24 15:39:23.383080,"[3759518672, 3759518672, 3759518672]",Sparse sharing,100,1,0.001,0.000126,0
2023-05-24 15:39:23.383557,"[3759518672, 3759518672, 3759518672]",Sparse,100,1,0.001,0.000392,26
2023-05-24 15:39:24.113251,"[528269663, 528269663, 528269663]",Dense sharing,100,1,0.005,0.002497,6238
2023-05-24 15:39:24.116095,"[528269663, 528269663, 528269663]",Dense,100,1,0.005,0.001292,372
2023-05-24 15:39:24.751669,"[528269663, 528269663, 528269663]",Sparse sharing,100,1,0.005,0.000169,0
2023-05-24 15:39:24.752238,"[528269663, 528269663, 528269663]",Sparse,100,1,0.005,0.00038,26
2023-05-24 15:39:25.440685,"[316354158, 316354158, 316354158]",Dense sharing,100,1,0.01,0.002531,6239
2023-05-24 15:39:25.443579,"[316354158, 316354158, 316354158]",Dense,100,1,0.01,0.001576,372
2023-05-24 15:39:26.168328,"[316354158, 316354158, 316354158]",Sparse sharing,100,1,0.01,0.001694,1296
2023-05-24 15:39:26.170367,"[316354158, 316354158, 316354158]",Sparse,100,1,0.01,0.060883,33354
2023-05-24 15:39:26.930674,"[989074140, 989074140, 989074140]",Dense sharing,300,1,0.0001,0.008251,17441
2023-05-24 15:39:26.939430,"[989074140, 989074140, 989074140]",Dense,300,1,0.0001,0.001681,372
2023-05-24 15:39:27.587281,"[989074140, 989074140, 989074140]",Sparse sharing,300,1,0.0001,0.000196,0
2023-05-24 15:39:27.588021,"[989074140, 989074140, 989074140]",Sparse,300,1,0.0001,0.000563,26
2023-05-24 15:39:28.238795,"[2065089141, 2065089141, 2065089141]",Dense sharing,300,1,0.001,0.004592,17440
2023-05-24 15:39:28.243724,"[2065089141, 2065089141, 2065089141]",Dense,300,1,0.001,0.001412,372
2023-05-24 15:39:28.881079,"[2065089141, 2065089141, 2065089141]",Sparse sharing,300,1,0.001,0.000145,0
2023-05-24 15:39:28.881580,"[2065089141, 2065089141, 2065089141]",Sparse,300,1,0.001,0.000459,26
2023-05-24 15:39:29.632584,"[3738184559, 3738184559, 3738184559]",Dense sharing,300,1,0.005,0.004704,17439
2023-05-24 15:39:29.637637,"[3738184559, 3738184559, 3738184559]",Dense,300,1,0.005,0.001253,372
2023-05-24 15:39:30.281524,"[3738184559, 3738184559, 3738184559]",Sparse sharing,300,1,0.005,0.002015,2116
2023-05-24 15:39:30.283915,"[3738184559, 3738184559, 3738184559]",Sparse,300,1,0.005,0.079107,58350
2023-05-24 15:39:31.053228,"[1352611134, 1352611134, 1352611134]",Dense sharing,300,1,0.01,0.004668,17433
2023-05-24 15:39:31.058268,"[1352611134, 1352611134, 1352611134]",Dense,300,1,0.01,0.001211,372
2023-05-24 15:39:31.753962,"[1352611134, 1352611134, 1352611134]",Sparse sharing,300,1,0.01,0.002099,2832
2023-05-24 15:39:31.756428,"[1352611134, 1352611134, 1352611134]",Sparse,300,1,0.01,0.085677,75714
2023-05-24 15:39:32.477304,"[3977484203, 3977484203, 3977484203]",Dense sharing,500,1,0.0001,0.00678,28635
2023-05-24 15:39:32.484438,"[3977484203, 3977484203, 3977484203]",Dense,500,1,0.0001,0.001276,372
2023-05-24 15:39:33.187674,"[3977484203, 3977484203, 3977484203]",Sparse sharing,500,1,0.0001,0.000128,0
2023-05-24 15:39:33.188208,"[3977484203, 3977484203, 3977484203]",Sparse,500,1,0.0001,0.000464,26
2023-05-24 15:39:33.903707,"[3121471085, 3121471085, 3121471085]",Dense sharing,500,1,0.001,0.006767,28626
2023-05-24 15:39:33.910930,"[3121471085, 3121471085, 3121471085]",Dense,500,1,0.001,0.001341,372
2023-05-24 15:39:34.558398,"[3121471085, 3121471085, 3121471085]",Sparse sharing,500,1,0.001,0.000124,0
2023-05-24 15:39:34.558893,"[3121471085, 3121471085, 3121471085]",Sparse,500,1,0.001,0.000452,26
2023-05-24 15:39:35.185271,"[4211496327, 4211496327, 4211496327]",Dense sharing,500,1,0.005,0.006778,28634
2023-05-24 15:39:35.192393,"[4211496327, 4211496327, 4211496327]",Dense,500,1,0.005,0.001207,372
2023-05-24 15:39:35.916584,"[4211496327, 4211496327, 4211496327]",Sparse sharing,500,1,0.005,0.001965,2120
2023-05-24 15:39:35.918907,"[4211496327, 4211496327, 4211496327]",Sparse,500,1,0.005,0.082033,58354
2023-05-24 15:39:36.710746,"[1140632852, 1140632852, 1140632852]",Dense sharing,500,1,0.01,0.006853,28638
2023-05-24 15:39:36.717953,"[1140632852, 1140632852, 1140632852]",Dense,500,1,0.01,0.001396,372
2023-05-24 15:39:37.407360,"[1140632852, 1140632852, 1140632852]",Sparse sharing,500,1,0.01,0.004041,4256
2023-05-24 15:39:37.411898,"[1140632852, 1140632852, 1140632852]",Sparse,500,1,0.01,0.120548,110429
2023-05-24 15:39:38.235656,"[3952658540, 3952658540, 3952658540]",Dense sharing,700,1,0.0001,0.008809,39836
2023-05-24 15:39:38.244801,"[3952658540, 3952658540, 3952658540]",Dense,700,1,0.0001,0.001312,372
2023-05-24 15:39:38.883340,"[3952658540, 3952658540, 3952658540]",Sparse sharing,700,1,0.0001,0.000125,0
2023-05-24 15:39:38.883844,"[3952658540, 3952658540, 3952658540]",Sparse,700,1,0.0001,0.000424,26
2023-05-24 15:39:39.519201,"[1818790474, 1818790474, 1818790474]",Dense sharing,700,1,0.001,0.00882,39835
2023-05-24 15:39:39.528388,"[1818790474, 1818790474, 1818790474]",Dense,700,1,0.001,0.001365,372
2023-05-24 15:39:40.165578,"[1818790474, 1818790474, 1818790474]",Sparse sharing,700,1,0.001,0.002556,1464
2023-05-24 15:39:40.168616,"[1818790474, 1818790474, 1818790474]",Sparse,700,1,0.001,0.111177,44813
2023-05-24 15:39:40.927642,"[3300263548, 3300263548, 3300263548]",Dense sharing,700,1,0.005,0.009096,39834
2023-05-24 15:39:40.937098,"[3300263548, 3300263548, 3300263548]",Dense,700,1,0.005,0.001285,372
2023-05-24 15:39:41.567435,"[3300263548, 3300263548, 3300263548]",Sparse sharing,700,1,0.005,0.002439,3768
2023-05-24 15:39:41.570208,"[3300263548, 3300263548, 3300263548]",Sparse,700,1,0.005,0.101924,100412
2023-05-24 15:39:42.366541,"[1627200517, 1627200517, 1627200517]",Dense sharing,700,1,0.01,0.008977,39834
2023-05-24 15:39:42.375899,"[1627200517, 1627200517, 1627200517]",Dense,700,1,0.01,0.001254,372
2023-05-24 15:39:43.062501,"[1627200517, 1627200517, 1627200517]",Sparse sharing,700,1,0.01,0.004803,6069
2023-05-24 15:39:43.067773,"[1627200517, 1627200517, 1627200517]",Sparse,700,1,0.01,0.127803,156004
2023-05-24 15:39:43.879134,"[842393866, 842393866, 842393866]",Dense sharing,900,1,0.0001,0.0205,51028
2023-05-24 15:39:43.900070,"[842393866, 842393866, 842393866]",Dense,900,1,0.0001,0.001786,372
2023-05-24 15:39:44.541424,"[842393866, 842393866, 842393866]",Sparse sharing,900,1,0.0001,0.000124,0
2023-05-24 15:39:44.541940,"[842393866, 842393866, 842393866]",Sparse,900,1,0.0001,0.000466,26
2023-05-24 15:39:45.184531,"[2927080757, 2927080757, 2927080757]",Dense sharing,900,1,0.001,0.010762,51034
2023-05-24 15:39:45.195687,"[2927080757, 2927080757, 2927080757]",Dense,900,1,0.001,0.001281,372
2023-05-24 15:39:45.839703,"[2927080757, 2927080757, 2927080757]",Sparse sharing,900,1,0.001,0.00169,1464
2023-05-24 15:39:45.841760,"[2927080757, 2927080757, 2927080757]",Sparse,900,1,0.001,0.078597,44814
2023-05-24 15:39:46.565519,"[1573152110, 1573152110, 1573152110]",Dense sharing,900,1,0.005,0.010704,51025
2023-05-24 15:39:46.576562,"[1573152110, 1573152110, 1573152110]",Dense,900,1,0.005,0.001427,372
2023-05-24 15:39:47.220526,"[1573152110, 1573152110, 1573152110]",Sparse sharing,900,1,0.005,0.002444,3767
2023-05-24 15:39:47.223326,"[1573152110, 1573152110, 1573152110]",Sparse,900,1,0.005,0.099145,100409
2023-05-24 15:39:47.947528,"[1509847165, 1509847165, 1509847165]",Dense sharing,900,1,0.01,0.010638,51026
2023-05-24 15:39:47.958490,"[1509847165, 1509847165, 1509847165]",Dense,900,1,0.01,0.00139,372
2023-05-24 15:39:48.587809,"[1509847165, 1509847165, 1509847165]",Sparse sharing,900,1,0.01,0.003457,7608
2023-05-24 15:39:48.591735,"[1509847165, 1509847165, 1509847165]",Sparse,900,1,0.01,0.135619,193083
2023-05-24 15:39:49.394048,"[2699549144, 2699549144, 2699549144]",Dense sharing,1000,1,0.0001,0.011948,56632
2023-05-24 15:39:49.406410,"[2699549144, 2699549144, 2699549144]",Dense,1000,1,0.0001,0.001426,372
2023-05-24 15:39:50.148428,"[2699549144, 2699549144, 2699549144]",Sparse sharing,1000,1,0.0001,0.000131,0
2023-05-24 15:39:50.148996,"[2699549144, 2699549144, 2699549144]",Sparse,1000,1,0.0001,0.000438,26
2023-05-24 15:39:50.783539,"[3386993942, 3386993942, 3386993942]",Dense sharing,1000,1,0.001,0.011983,56628
2023-05-24 15:39:50.795986,"[3386993942, 3386993942, 3386993942]",Dense,1000,1,0.001,0.001277,372
2023-05-24 15:39:51.483130,"[3386993942, 3386993942, 3386993942]",Sparse sharing,1000,1,0.001,0.001749,1464
2023-05-24 15:39:51.485316,"[3386993942, 3386993942, 3386993942]",Sparse,1000,1,0.001,0.081515,44815
2023-05-24 15:39:52.257037,"[2514830971, 2514830971, 2514830971]",Dense sharing,1000,1,0.005,0.022379,56624
2023-05-24 15:39:52.279879,"[2514830971, 2514830971, 2514830971]",Dense,1000,1,0.005,0.001877,372
2023-05-24 15:39:52.925501,"[2514830971, 2514830971, 2514830971]",Sparse sharing,1000,1,0.005,0.00262,4534
2023-05-24 15:39:52.928481,"[2514830971, 2514830971, 2514830971]",Sparse,1000,1,0.005,0.105715,118945
2023-05-24 15:39:53.663650,"[2778115948, 2778115948, 2778115948]",Dense sharing,1000,1,0.01,0.022746,56616
2023-05-24 15:39:53.686837,"[2778115948, 2778115948, 2778115948]",Dense,1000,1,0.01,0.001779,372
2023-05-24 15:39:54.410364,"[2778115948, 2778115948, 2778115948]",Sparse sharing,1000,1,0.01,0.003705,8375
2023-05-24 15:39:54.414529,"[2778115948, 2778115948, 2778115948]",Sparse,1000,1,0.01,0.141005,211614
2023-05-24 15:39:55.248499,"[564489352, 564489352, 564489352]",Dense sharing,3000,1,0.0001,0.033415,168617
2023-05-24 15:39:55.282327,"[564489352, 564489352, 564489352]",Dense,3000,1,0.0001,0.001585,372
2023-05-24 15:39:55.977385,"[564489352, 564489352, 564489352]",Sparse sharing,3000,1,0.0001,0.000119,0
2023-05-24 15:39:55.977866,"[564489352, 564489352, 564489352]",Sparse,3000,1,0.0001,0.000565,26
2023-05-24 15:39:56.696376,"[716954106, 716954106, 716954106]",Dense sharing,3000,1,0.001,0.033894,168609
2023-05-24 15:39:56.730670,"[716954106, 716954106, 716954106]",Dense,3000,1,0.001,0.001572,372
2023-05-24 15:39:57.427776,"[716954106, 716954106, 716954106]",Sparse sharing,3000,1,0.001,0.002191,3334
2023-05-24 15:39:57.430311,"[716954106, 716954106, 716954106]",Sparse,3000,1,0.001,0.112588,94229
2023-05-24 15:39:58.172946,"[2893262029, 2893262029, 2893262029]",Dense sharing,3000,1,0.005,0.064755,168612
2023-05-24 15:39:58.238169,"[2893262029, 2893262029, 2893262029]",Dense,3000,1,0.005,0.002412,372
2023-05-24 15:39:58.866028,"[2893262029, 2893262029, 2893262029]",Sparse sharing,3000,1,0.005,0.0048,13895
2023-05-24 15:39:58.871173,"[2893262029, 2893262029, 2893262029]",Sparse,3000,1,0.005,0.219129,344826
2023-05-24 15:39:59.716204,"[708770314, 708770314, 708770314]",Dense sharing,3000,1,0.01,0.034778,168611
2023-05-24 15:39:59.751493,"[708770314, 708770314, 708770314]",Dense,3000,1,0.01,0.002294,372
2023-05-24 15:40:00.478751,"[708770314, 708770314, 708770314]",Sparse sharing,3000,1,0.01,0.007801,27091
2023-05-24 15:40:00.486913,"[708770314, 708770314, 708770314]",Sparse,3000,1,0.01,0.317437,658069
2023-05-24 15:40:01.515876,"[2396661837, 2396661837, 2396661837]",Dense sharing,5000,1,0.0001,0.05459,280631
2023-05-24 15:40:01.570934,"[2396661837, 2396661837, 2396661837]",Dense,5000,1,0.0001,0.001805,372
2023-05-24 15:40:02.259511,"[2396661837, 2396661837, 2396661837]",Sparse sharing,5000,1,0.0001,0.000119,0
2023-05-24 15:40:02.260170,"[2396661837, 2396661837, 2396661837]",Sparse,5000,1,0.0001,0.000463,26
2023-05-24 15:40:02.992413,"[609157753, 609157753, 609157753]",Dense sharing,5000,1,0.001,0.067568,280625
2023-05-24 15:40:03.060414,"[609157753, 609157753, 609157753]",Dense,5000,1,0.001,0.001877,372
2023-05-24 15:40:03.692631,"[609157753, 609157753, 609157753]",Sparse sharing,5000,1,0.001,0.004525,5373
2023-05-24 15:40:03.697591,"[609157753, 609157753, 609157753]",Sparse,5000,1,0.001,0.178468,144503
2023-05-24 15:40:04.504051,"[3636681279, 3636681279, 3636681279]",Dense sharing,5000,1,0.005,0.053991,280639
2023-05-24 15:40:04.558476,"[3636681279, 3636681279, 3636681279]",Dense,5000,1,0.005,0.001782,372
2023-05-24 15:40:05.236411,"[3636681279, 3636681279, 3636681279]",Sparse sharing,5000,1,0.005,0.007086,24098
2023-05-24 15:40:05.243857,"[3636681279, 3636681279, 3636681279]",Sparse,5000,1,0.005,0.30121,585709
2023-05-24 15:40:06.165359,"[2571455207, 2571455207, 2571455207]",Dense sharing,5000,1,0.01,0.102136,280632
2023-05-24 15:40:06.267946,"[2571455207, 2571455207, 2571455207]",Dense,5000,1,0.01,0.001895,372
2023-05-24 15:40:07.000225,"[2571455207, 2571455207, 2571455207]",Sparse sharing,5000,1,0.01,0.012444,47487
2023-05-24 15:40:07.013026,"[2571455207, 2571455207, 2571455207]",Sparse,5000,1,0.01,0.519408,1137230
2023-05-24 15:40:08.244384,"[273549031, 273549031, 273549031]",Dense sharing,7000,1,0.0001,0.103661,392615
2023-05-24 15:40:08.348496,"[273549031, 273549031, 273549031]",Dense,7000,1,0.0001,0.001967,372
2023-05-24 15:40:08.990525,"[273549031, 273549031, 273549031]",Sparse sharing,7000,1,0.0001,0.001745,1632
2023-05-24 15:40:08.992645,"[273549031, 273549031, 273549031]",Sparse,7000,1,0.0001,0.104088,56276
2023-05-24 15:40:09.724064,"[3064717695, 3064717695, 3064717695]",Dense sharing,7000,1,0.001,0.088024,392627
2023-05-24 15:40:09.812556,"[3064717695, 3064717695, 3064717695]",Dense,7000,1,0.001,0.003141,372
2023-05-24 15:40:10.516742,"[3064717695, 3064717695, 3064717695]",Sparse sharing,7000,1,0.001,0.003183,7244
2023-05-24 15:40:10.520269,"[3064717695, 3064717695, 3064717695]",Sparse,7000,1,0.001,0.155011,188644
2023-05-24 15:40:11.386899,"[3774049347, 3774049347, 3774049347]",Dense sharing,7000,1,0.005,0.087166,392619
2023-05-24 15:40:11.474533,"[3774049347, 3774049347, 3774049347]",Dense,7000,1,0.005,0.002697,372
2023-05-24 15:40:12.094492,"[3774049347, 3774049347, 3774049347]",Sparse sharing,7000,1,0.005,0.009736,33452
2023-05-24 15:40:12.104569,"[3774049347, 3774049347, 3774049347]",Sparse,7000,1,0.005,0.391215,806291
2023-05-24 15:40:13.102511,"[3268972372, 3268972372, 3268972372]",Dense sharing,7000,1,0.01,0.086668,392597
2023-05-24 15:40:13.189661,"[3268972372, 3268972372, 3268972372]",Dense,7000,1,0.01,0.002018,372
2023-05-24 15:40:13.892281,"[3268972372, 3268972372, 3268972372]",Sparse sharing,7000,1,0.01,0.017753,66201
2023-05-24 15:40:13.910410,"[3268972372, 3268972372, 3268972372]",Sparse,7000,1,0.01,0.681324,1578540
2023-05-24 15:40:15.303803,"[1182045396, 1182045396, 1182045396]",Dense sharing,9000,1,0.0001,0.106849,504609
2023-05-24 15:40:15.411105,"[1182045396, 1182045396, 1182045396]",Dense,9000,1,0.0001,0.00218,372
2023-05-24 15:40:16.100170,"[1182045396, 1182045396, 1182045396]",Sparse sharing,9000,1,0.0001,0.001857,1688
2023-05-24 15:40:16.102395,"[1182045396, 1182045396, 1182045396]",Sparse,9000,1,0.0001,0.11115,60095
2023-05-24 15:40:16.897995,"[101317550, 101317550, 101317550]",Dense sharing,9000,1,0.001,0.10786,504594
2023-05-24 15:40:17.006277,"[101317550, 101317550, 101317550]",Dense,9000,1,0.001,0.002345,372
2023-05-24 15:40:17.704861,"[101317550, 101317550, 101317550]",Sparse sharing,9000,1,0.001,0.003733,9620
2023-05-24 15:40:17.708955,"[101317550, 101317550, 101317550]",Sparse,9000,1,0.001,0.177044,245992
2023-05-24 15:40:18.525115,"[4217682237, 4217682237, 4217682237]",Dense sharing,9000,1,0.005,0.104393,504596
2023-05-24 15:40:18.629954,"[4217682237, 4217682237, 4217682237]",Dense,9000,1,0.005,0.002194,372
2023-05-24 15:40:19.255256,"[4217682237, 4217682237, 4217682237]",Sparse sharing,9000,1,0.005,0.015171,45320
2023-05-24 15:40:19.270804,"[4217682237, 4217682237, 4217682237]",Sparse,9000,1,0.005,0.494176,1082494
2023-05-24 15:40:20.381016,"[679970438, 679970438, 679970438]",Dense sharing,9000,1,0.01,0.108087,504605
2023-05-24 15:40:20.489524,"[679970438, 679970438, 679970438]",Dense,9000,1,0.01,0.003025,371
2023-05-24 15:40:21.207126,"[679970438, 679970438, 679970438]",Sparse sharing,9000,1,0.01,0.022726,89965
2023-05-24 15:40:21.230221,"[679970438, 679970438, 679970438]",Sparse,9000,1,0.01,0.907375,2128254
2023-05-24 15:40:22.776428,"[550889120, 550889120, 550889120]",Dense sharing,10000,1,0.0001,0.124795,560636
2023-05-24 15:40:22.901675,"[550889120, 550889120, 550889120]",Dense,10000,1,0.0001,0.002351,372
2023-05-24 15:40:23.522718,"[550889120, 550889120, 550889120]",Sparse sharing,10000,1,0.0001,0.001861,1688
2023-05-24 15:40:23.524936,"[550889120, 550889120, 550889120]",Sparse,10000,1,0.0001,0.109669,60100
2023-05-24 15:40:24.336052,"[1589858606, 1589858606, 1589858606]",Dense sharing,10000,1,0.001,0.118107,560622
2023-05-24 15:40:24.454665,"[1589858606, 1589858606, 1589858606]",Dense,10000,1,0.001,0.002262,372
2023-05-24 15:40:25.184237,"[1589858606, 1589858606, 1589858606]",Sparse sharing,10000,1,0.001,0.004021,10615
2023-05-24 15:40:25.188608,"[1589858606, 1589858606, 1589858606]",Sparse,10000,1,0.001,0.19246,269228
2023-05-24 15:40:26.009256,"[2173982276, 2173982276, 2173982276]",Dense sharing,10000,1,0.005,0.139136,560638
2023-05-24 15:40:26.148898,"[2173982276, 2173982276, 2173982276]",Dense,10000,1,0.005,0.002363,372
2023-05-24 15:40:26.879412,"[2173982276, 2173982276, 2173982276]",Sparse sharing,10000,1,0.005,0.012862,50291
2023-05-24 15:40:26.892645,"[2173982276, 2173982276, 2173982276]",Sparse,10000,1,0.005,0.534181,1198685
2023-05-24 15:40:28.126917,"[940086873, 940086873, 940086873]",Dense sharing,10000,1,0.01,0.121167,560634
2023-05-24 15:40:28.248606,"[940086873, 940086873, 940086873]",Dense,10000,1,0.01,0.002428,372
2023-05-24 15:40:28.892609,"[940086873, 940086873, 940086873]",Sparse sharing,10000,1,0.01,0.024205,99888
2023-05-24 15:40:28.917279,"[940086873, 940086873, 940086873]",Sparse,10000,1,0.01,0.999834,2360607
2023-05-24 15:40:30.537791,"[3423439387, 3423439387, 3423439387]",Dense sharing,30000,1,0.0001,0.350537,1680645
2023-05-24 15:40:30.888925,"[3423439387, 3423439387, 3423439387]",Dense,30000,1,0.0001,0.004418,372
2023-05-24 15:40:31.520715,"[3423439387, 3423439387, 3423439387]",Sparse sharing,30000,1,0.0001,0.003667,3840
2023-05-24 15:40:31.524851,"[3423439387, 3423439387, 3423439387]",Sparse,30000,1,0.0001,0.15122,112736
2023-05-24 15:40:32.295120,"[774575320, 774575320, 774575320]",Dense sharing,30000,1,0.001,0.353914,1680657
2023-05-24 15:40:32.649603,"[774575320, 774575320, 774575320]",Dense,30000,1,0.001,0.004589,372
2023-05-24 15:40:33.348392,"[774575320, 774575320, 774575320]",Sparse sharing,30000,1,0.001,0.00918,32133
2023-05-24 15:40:33.357915,"[774575320, 774575320, 774575320]",Sparse,30000,1,0.001,0.39432,771835
2023-05-24 15:40:34.372738,"[659451828, 659451828, 659451828]",Dense sharing,30000,1,0.005,0.360822,1680602
2023-05-24 15:40:34.734187,"[659451828, 659451828, 659451828]",Dense,30000,1,0.005,0.00474,372
2023-05-24 15:40:35.370634,"[659451828, 659451828, 659451828]",Sparse sharing,30000,1,0.005,0.051108,157878
2023-05-24 15:40:35.422093,"[659451828, 659451828, 659451828]",Sparse,30000,1,0.005,1.594726,3701421
2023-05-24 15:40:37.640419,"[1420308223, 1420308223, 1420308223]",Dense sharing,30000,1,0.01,0.351055,1680647
2023-05-24 15:40:37.992117,"[1420308223, 1420308223, 1420308223]",Dense,30000,1,0.01,0.004291,372
2023-05-24 15:40:38.681195,"[1420308223, 1420308223, 1420308223]",Sparse sharing,30000,1,0.01,0.087056,315110
2023-05-24 15:40:38.768645,"[1420308223, 1420308223, 1420308223]",Sparse,30000,1,0.01,3.111317,7363578
2023-05-24 15:40:42.557028,"[1215536733, 1215536733, 1215536733]",Dense sharing,50000,1,0.0001,0.564961,2800646
2023-05-24 15:40:43.122618,"[1215536733, 1215536733, 1215536733]",Dense,50000,1,0.0001,0.006513,372
2023-05-24 15:40:43.876021,"[1215536733, 1215536733, 1215536733]",Sparse sharing,50000,1,0.0001,0.002957,6215
2023-05-24 15:40:43.879357,"[1215536733, 1215536733, 1215536733]",Sparse,50000,1,0.0001,0.16719,170097
2023-05-24 15:40:44.725668,"[4214955015, 4214955015, 4214955015]",Dense sharing,50000,1,0.001,0.615304,2800601
2023-05-24 15:40:45.341590,"[4214955015, 4214955015, 4214955015]",Dense,50000,1,0.001,0.006263,372
2023-05-24 15:40:45.974259,"[4214955015, 4214955015, 4214955015]",Sparse sharing,50000,1,0.001,0.0144,55884
2023-05-24 15:40:45.989167,"[4214955015, 4214955015, 4214955015]",Sparse,50000,1,0.001,0.636299,1321544
2023-05-24 15:40:47.265065,"[1592563547, 1592563547, 1592563547]",Dense sharing,50000,1,0.005,0.573785,2800590
2023-05-24 15:40:47.839459,"[1592563547, 1592563547, 1592563547]",Dense,50000,1,0.005,0.006805,372
2023-05-24 15:40:48.531803,"[1592563547, 1592563547, 1592563547]",Sparse sharing,50000,1,0.005,0.073998,276659
2023-05-24 15:40:48.606186,"[1592563547, 1592563547, 1592563547]",Sparse,50000,1,0.005,2.751992,6439489
2023-05-24 15:40:52.024809,"[16435622, 16435622, 16435622]",Dense sharing,50000,1,0.01,0.55732,2800666
2023-05-24 15:40:52.582776,"[16435622, 16435622, 16435622]",Dense,50000,1,0.01,0.006429,372
2023-05-24 15:40:53.234065,"[16435622, 16435622, 16435622]",Sparse sharing,50000,1,0.01,0.138168,552653
2023-05-24 15:40:53.372682,"[16435622, 16435622, 16435622]",Sparse,50000,1,0.01,5.445578,12836779
2023-05-24 15:40:59.410512,"[3724642067, 3724642067, 3724642067]",Dense sharing,70000,1,0.0001,0.831353,3920603
2023-05-24 15:41:00.242700,"[3724642067, 3724642067, 3724642067]",Dense,70000,1,0.0001,0.013753,372
2023-05-24 15:41:00.945804,"[3724642067, 3724642067, 3724642067]",Sparse sharing,70000,1,0.0001,0.003578,8815
2023-05-24 15:41:00.949731,"[3724642067, 3724642067, 3724642067]",Sparse,70000,1,0.0001,0.196671,232138
2023-05-24 15:41:01.762142,"[926030626, 926030626, 926030626]",Dense sharing,70000,1,0.001,0.847443,3920627
2023-05-24 15:41:02.611194,"[926030626, 926030626, 926030626]",Dense,70000,1,0.001,0.013806,372
2023-05-24 15:41:03.270251,"[926030626, 926030626, 926030626]",Sparse sharing,70000,1,0.001,0.020575,81889
2023-05-24 15:41:03.291292,"[926030626, 926030626, 926030626]",Sparse,70000,1,0.001,0.884345,1918348
2023-05-24 15:41:04.843099,"[2686513563, 2686513563, 2686513563]",Dense sharing,70000,1,0.005,0.821474,3920673
2023-05-24 15:41:05.665423,"[2686513563, 2686513563, 2686513563]",Dense,70000,1,0.005,0.010233,372
2023-05-24 15:41:06.307631,"[2686513563, 2686513563, 2686513563]",Sparse sharing,70000,1,0.005,0.104981,406675
2023-05-24 15:41:06.412994,"[2686513563, 2686513563, 2686513563]",Sparse,70000,1,0.005,4.01174,9412740
2023-05-24 15:41:11.059616,"[1603943006, 1603943006, 1603943006]",Dense sharing,70000,1,0.01,0.831137,3920623
2023-05-24 15:41:11.891599,"[1603943006, 1603943006, 1603943006]",Dense,70000,1,0.01,0.018135,372
2023-05-24 15:41:12.622576,"[1603943006, 1603943006, 1603943006]",Sparse sharing,70000,1,0.01,0.194486,812663
2023-05-24 15:41:12.817546,"[1603943006, 1603943006, 1603943006]",Sparse,70000,1,0.01,8.259612,18780588
2023-05-24 15:41:21.781431,"[1205606200, 1205606200, 1205606200]",Dense sharing,90000,1,0.0001,1.092943,5040628
2023-05-24 15:41:22.875216,"[1205606200, 1205606200, 1205606200]",Dense,90000,1,0.0001,0.011279,372
2023-05-24 15:41:23.518030,"[1205606200, 1205606200, 1205606200]",Sparse sharing,90000,1,0.0001,0.004062,11135
2023-05-24 15:41:23.522450,"[1205606200, 1205606200, 1205606200]",Sparse,90000,1,0.0001,0.20916,285654
2023-05-24 15:41:24.358706,"[628617868, 628617868, 628617868]",Dense sharing,90000,1,0.001,1.083318,5040624
2023-05-24 15:41:25.442926,"[628617868, 628617868, 628617868]",Dense,90000,1,0.001,0.016723,372
2023-05-24 15:41:26.145265,"[628617868, 628617868, 628617868]",Sparse sharing,90000,1,0.001,0.025109,105074
2023-05-24 15:41:26.170736,"[628617868, 628617868, 628617868]",Sparse,90000,1,0.001,1.089253,2453692
2023-05-24 15:41:27.884654,"[4214548132, 4214548132, 4214548132]",Dense sharing,90000,1,0.005,1.081229,5040606
2023-05-24 15:41:28.966776,"[4214548132, 4214548132, 4214548132]",Dense,90000,1,0.005,0.016999,372
2023-05-24 15:41:29.599420,"[4214548132, 4214548132, 4214548132]",Sparse sharing,90000,1,0.005,0.1339,522656
2023-05-24 15:41:29.733794,"[4214548132, 4214548132, 4214548132]",Sparse,90000,1,0.005,5.215157,12089053
2023-05-24 15:41:35.624587,"[2158492677, 2158492677, 2158492677]",Dense sharing,90000,1,0.01,1.100604,5040651
2023-05-24 15:41:36.726228,"[2158492677, 2158492677, 2158492677]",Dense,90000,1,0.01,0.014939,372
2023-05-24 15:41:37.374785,"[2158492677, 2158492677, 2158492677]",Sparse sharing,90000,1,0.01,0.267725,1044664
2023-05-24 15:41:37.643022,"[2158492677, 2158492677, 2158492677]",Sparse,90000,1,0.01,10.490617,24134593
2023-05-24 15:41:48.711004,"[1962671084, 1962671084, 1962671084]",Dense sharing,100000,1,0.0001,1.282792,5600621
2023-05-24 15:41:49.994658,"[1962671084, 1962671084, 1962671084]",Dense,100000,1,0.0001,0.012693,372
2023-05-24 15:41:50.642905,"[1962671084, 1962671084, 1962671084]",Sparse sharing,100000,1,0.0001,0.007481,12294
2023-05-24 15:41:50.650866,"[1962671084, 1962671084, 1962671084]",Sparse,100000,1,0.0001,0.226289,312433
2023-05-24 15:41:51.526419,"[880682203, 880682203, 880682203]",Dense sharing,100000,1,0.001,1.25676,5600646
2023-05-24 15:41:52.784060,"[880682203, 880682203, 880682203]",Dense,100000,1,0.001,0.012012,372
2023-05-24 15:41:53.464053,"[880682203, 880682203, 880682203]",Sparse sharing,100000,1,0.001,0.052085,116682
2023-05-24 15:41:53.516594,"[880682203, 880682203, 880682203]",Sparse,100000,1,0.001,1.206866,2721219
2023-05-24 15:41:55.413972,"[2849784552, 2849784552, 2849784552]",Dense sharing,100000,1,0.005,1.248352,5600667
2023-05-24 15:41:56.663194,"[2849784552, 2849784552, 2849784552]",Dense,100000,1,0.005,0.013504,372
2023-05-24 15:41:57.376004,"[2849784552, 2849784552, 2849784552]",Sparse sharing,100000,1,0.005,0.143171,580683
2023-05-24 15:41:57.519615,"[2849784552, 2849784552, 2849784552]",Sparse,100000,1,0.005,5.970569,13427385
2023-05-24 15:42:04.117750,"[88279696, 88279696, 88279696]",Dense sharing,100000,1,0.01,1.229707,5600668
2023-05-24 15:42:05.348497,"[88279696, 88279696, 88279696]",Dense,100000,1,0.01,0.012416,372
2023-05-24 15:42:06.049364,"[88279696, 88279696, 88279696]",Sparse sharing,100000,1,0.01,0.268837,1160674
2023-05-24 15:42:06.318726,"[88279696, 88279696, 88279696]",Sparse,100000,1,0.01,11.687398,26810905
2023-05-24 15:42:18.634958,"[1894363935, 1894363935, 1894363935]",Dense sharing,300000,1,0.0001,3.749113,16800758
2023-05-24 15:42:22.491270,"[1894363935, 1894363935, 1894363935]",Dense,300000,1,0.0001,0.038625,372
2023-05-24 15:42:23.231798,"[1894363935, 1894363935, 1894363935]",Sparse sharing,300000,1,0.0001,0.010538,38850
2023-05-24 15:42:23.242693,"[1894363935, 1894363935, 1894363935]",Sparse,300000,1,0.0001,0.511686,923478
2023-05-24 15:42:24.455522,"[3677775773, 3677775773, 3677775773]",Dense sharing,300000,1,0.001,3.812929,16800621
2023-05-24 15:42:28.378394,"[3677775773, 3677775773, 3677775773]",Dense,300000,1,0.001,0.03692,372
2023-05-24 15:42:29.065379,"[3677775773, 3677775773, 3677775773]",Sparse sharing,300000,1,0.001,0.098983,382263
2023-05-24 15:42:29.164847,"[3677775773, 3677775773, 3677775773]",Sparse,300000,1,0.001,3.863588,8785235
2023-05-24 15:42:33.645670,"[4046077925, 4046077925, 4046077925]",Dense sharing,300000,1,0.005,3.697275,16800758
2023-05-24 15:42:37.449616,"[4046077925, 4046077925, 4046077925]",Dense,300000,1,0.005,0.030792,372
2023-05-24 15:42:38.129888,"[4046077925, 4046077925, 4046077925]",Sparse sharing,300000,1,0.005,0.459126,1908619
2023-05-24 15:42:38.589564,"[4046077925, 4046077925, 4046077925]",Sparse,300000,1,0.005,19.919015,43728084
2023-05-24 15:42:59.175565,"[3289908592, 3289908592, 3289908592]",Dense sharing,300000,1,0.01,3.61804,16800695
2023-05-24 15:43:02.794555,"[3289908592, 3289908592, 3289908592]",Dense,300000,1,0.01,0.032576,372
2023-05-24 15:43:03.455965,"[3289908592, 3289908592, 3289908592]",Sparse sharing,300000,1,0.01,0.978841,3816693
2023-05-24 15:43:04.435630,"[3289908592, 3289908592, 3289908592]",Sparse,300000,1,0.01,42.28279,87407876
2023-05-24 15:43:47.374207,"[3063116589, 3063116589, 3063116589]",Dense sharing,500000,1,0.0001,6.030396,28000607
2023-05-24 15:43:53.583385,"[3063116589, 3063116589, 3063116589]",Dense,500000,1,0.0001,0.061001,372
2023-05-24 15:43:54.247193,"[3063116589, 3063116589, 3063116589]",Sparse sharing,500000,1,0.0001,0.016929,64292
2023-05-24 15:43:54.264484,"[3063116589, 3063116589, 3063116589]",Sparse,500000,1,0.0001,0.715599,1505871
2023-05-24 15:43:55.633115,"[4021320369, 4021320369, 4021320369]",Dense sharing,500000,1,0.001,6.141588,28000652
2023-05-24 15:44:01.947978,"[4021320369, 4021320369, 4021320369]",Dense,500000,1,0.001,0.050895,372
2023-05-24 15:44:02.714288,"[4021320369, 4021320369, 4021320369]",Sparse sharing,500000,1,0.001,0.155623,636673
2023-05-24 15:44:02.870325,"[4021320369, 4021320369, 4021320369]",Sparse,500000,1,0.001,6.288277,14608303
2023-05-24 15:44:09.808270,"[3924562370, 3924562370, 3924562370]",Dense sharing,500000,1,0.005,6.05274,28000526
2023-05-24 15:44:15.862001,"[3924562370, 3924562370, 3924562370]",Dense,500000,1,0.005,0.079057,372
2023-05-24 15:44:16.671260,"[3924562370, 3924562370, 3924562370]",Sparse sharing,500000,1,0.005,0.784612,3180691
2023-05-24 15:44:17.456864,"[3924562370, 3924562370, 3924562370]",Sparse,500000,1,0.005,35.07694,72849427
2023-05-24 15:44:53.227947,"[4048296791, 4048296791, 4048296791]",Dense sharing,500000,1,0.01,6.346447,28000603
2023-05-24 15:44:59.575238,"[4048296791, 4048296791, 4048296791]",Dense,500000,1,0.01,0.072968,372
2023-05-24 15:45:00.318000,"[4048296791, 4048296791, 4048296791]",Sparse sharing,500000,1,0.01,1.697811,6360665
2023-05-24 15:45:02.016539,"[4048296791, 4048296791, 4048296791]",Sparse,500000,1,0.01,74.655763,145648544
2023-05-24 15:46:17.374035,"[3289301073, 3289301073, 3289301073]",Dense sharing,700000,1,0.0001,8.875867,39200593
2023-05-24 15:46:26.499886,"[3289301073, 3289301073, 3289301073]",Dense,700000,1,0.0001,0.069528,372
2023-05-24 15:46:27.230722,"[3289301073, 3289301073, 3289301073]",Sparse sharing,700000,1,0.0001,0.042833,93645
2023-05-24 15:46:27.274010,"[3289301073, 3289301073, 3289301073]",Sparse,700000,1,0.0001,1.012334,2173249
2023-05-24 15:46:28.952009,"[848165544, 848165544, 848165544]",Dense sharing,700000,1,0.001,8.613734,39200594
2023-05-24 15:46:37.809484,"[848165544, 848165544, 848165544]",Dense,700000,1,0.001,0.076535,372
2023-05-24 15:46:38.562296,"[848165544, 848165544, 848165544]",Sparse sharing,700000,1,0.001,0.216387,930252
2023-05-24 15:46:38.779192,"[848165544, 848165544, 848165544]",Sparse,700000,1,0.001,9.247959,21257843
2023-05-24 15:46:48.791110,"[1056050116, 1056050116, 1056050116]",Dense sharing,700000,1,0.005,8.475491,39200706
2023-05-24 15:46:57.388464,"[1056050116, 1056050116, 1056050116]",Dense,700000,1,0.005,0.070937,372
2023-05-24 15:46:58.140857,"[1056050116, 1056050116, 1056050116]",Sparse sharing,700000,1,0.005,1.187586,4648732
2023-05-24 15:46:59.330810,"[1056050116, 1056050116, 1056050116]",Sparse,700000,1,0.005,51.672995,106086222
2023-05-24 15:47:51.717960,"[608907763, 608907763, 608907763]",Dense sharing,700000,1,0.01,8.518368,39200634
2023-05-24 15:48:00.350051,"[608907763, 608907763, 608907763]",Dense,700000,1,0.01,0.080323,372
2023-05-24 15:48:01.095447,"[608907763, 608907763, 608907763]",Sparse sharing,700000,1,0.01,2.477118,9296709
2023-05-24 15:48:03.573321,"[608907763, 608907763, 608907763]",Sparse,700000,1,0.01,110.988291,212121439
2023-05-24 15:49:55.348110,"[2329846467, 2329846467, 2329846467]",Dense sharing,900000,1,0.0001,10.804085,50400449
2023-05-24 15:50:06.474208,"[2329846467, 2329846467, 2329846467]",Dense,900000,1,0.0001,0.095432,372
2023-05-24 15:50:07.266467,"[2329846467, 2329846467, 2329846467]",Sparse sharing,900000,1,0.0001,0.027831,120190
2023-05-24 15:50:07.294774,"[2329846467, 2329846467, 2329846467]",Sparse,900000,1,0.0001,1.220052,2779089
2023-05-24 15:50:09.178569,"[1256952483, 1256952483, 1256952483]",Dense sharing,900000,1,0.001,11.014348,50400659
2023-05-24 15:50:20.506097,"[1256952483, 1256952483, 1256952483]",Dense,900000,1,0.001,0.09223,372
2023-05-24 15:50:21.293351,"[1256952483, 1256952483, 1256952483]",Sparse sharing,900000,1,0.001,0.275361,1195865
2023-05-24 15:50:21.569137,"[1256952483, 1256952483, 1256952483]",Sparse,900000,1,0.001,12.399893,27317540
2023-05-24 15:50:34.667437,"[22087677, 22087677, 22087677]",Dense sharing,900000,1,0.005,11.057915,50400716
2023-05-24 15:50:45.876154,"[22087677, 22087677, 22087677]",Dense,900000,1,0.005,0.103309,372
2023-05-24 15:50:46.681891,"[22087677, 22087677, 22087677]",Sparse sharing,900000,1,0.005,1.554728,5976715
2023-05-24 15:50:48.239841,"[22087677, 22087677, 22087677]",Sparse,900000,1,0.005,70.300383,136381737
2023-05-24 15:51:59.197906,"[3946195019, 3946195019, 3946195019]",Dense sharing,900000,1,0.01,10.96817,50400626
2023-05-24 15:52:10.166904,"[3946195019, 3946195019, 3946195019]",Dense,900000,1,0.01,0.09933,372
2023-05-24 15:52:10.968502,"[3946195019, 3946195019, 3946195019]",Sparse sharing,900000,1,0.01,3.178977,11952690
2023-05-24 15:52:14.148229,"[3946195019, 3946195019, 3946195019]",Sparse,900000,1,0.01,142.883676,272714154
2023-05-24 15:54:37.741199,"[3953476886, 3953476886, 3953476886]",Dense sharing,1000000,1,0.0001,12.193566,56000651
2023-05-24 15:54:50.305039,"[3953476886, 3953476886, 3953476886]",Dense,1000000,1,0.0001,0.098896,372
2023-05-24 15:54:51.106207,"[3953476886, 3953476886, 3953476886]",Sparse sharing,1000000,1,0.0001,0.031097,133487
2023-05-24 15:54:51.137901,"[3953476886, 3953476886, 3953476886]",Sparse,1000000,1,0.0001,1.382608,3081991
2023-05-24 15:54:53.195152,"[1904527911, 1904527911, 1904527911]",Dense sharing,1000000,1,0.001,12.209284,56000538
2023-05-24 15:55:05.754475,"[1904527911, 1904527911, 1904527911]",Dense,1000000,1,0.001,0.099096,372
2023-05-24 15:55:06.553712,"[1904527911, 1904527911, 1904527911]",Sparse sharing,1000000,1,0.001,0.304163,1328682
2023-05-24 15:55:06.858371,"[1904527911, 1904527911, 1904527911]",Sparse,1000000,1,0.001,13.401084,30346573
2023-05-24 15:55:20.937846,"[3440163692, 3440163692, 3440163692]",Dense sharing,1000000,1,0.005,12.252039,56000878
2023-05-24 15:55:33.190707,"[3440163692, 3440163692, 3440163692]",Dense,1000000,1,0.005,0.11036,372
2023-05-24 15:55:34.007280,"[3440163692, 3440163692, 3440163692]",Sparse sharing,1000000,1,0.005,1.683933,6640681
2023-05-24 15:55:35.692063,"[3440163692, 3440163692, 3440163692]",Sparse,1000000,1,0.005,77.931526,151531518
2023-05-24 15:56:54.298013,"[3974260273, 3974260273, 3974260273]",Dense sharing,1000000,1,0.01,12.329884,56000616
2023-05-24 15:57:06.628727,"[3974260273, 3974260273, 3974260273]",Dense,1000000,1,0.01,0.103363,372
2023-05-24 15:57:07.436340,"[3974260273, 3974260273, 3974260273]",Sparse sharing,1000000,1,0.01,3.599392,13280696
2023-05-24 15:57:11.036470,"[3974260273, 3974260273, 3974260273]",Sparse,1000000,1,0.01,159.151904,303010012
2023-05-24 15:59:51.041658,"[2491762935, 2491762935, 2491762935]",Dense sharing,3000000,1,0.0001,37.314813,168000649
2023-05-24 16:00:29.461214,"[2491762935, 2491762935, 2491762935]",Dense,3000000,1,0.0001,0.294197,372
2023-05-24 16:00:30.683924,"[2491762935, 2491762935, 2491762935]",Sparse sharing,3000000,1,0.0001,0.104084,432682
2023-05-24 16:00:30.788399,"[2491762935, 2491762935, 2491762935]",Sparse,3000000,1,0.0001,4.516639,9851331
2023-05-24 16:00:36.253624,"[2252684042, 2252684042, 2252684042]",Dense sharing,3000000,1,0.001,36.890908,168000538
2023-05-24 16:01:14.183736,"[2252684042, 2252684042, 2252684042]",Dense,3000000,1,0.001,0.291329,372
2023-05-24 16:01:15.399404,"[2252684042, 2252684042, 2252684042]",Sparse sharing,3000000,1,0.001,1.064156,4320718
2023-05-24 16:01:16.465462,"[2252684042, 2252684042, 2252684042]",Sparse,3000000,1,0.001,49.17123,97999736
2023-05-24 16:02:06.486859,"[2525144725, 2525144725, 2525144725]",Dense sharing,3000000,1,0.005,36.346391,168000214
2023-05-24 16:02:43.911664,"[2525144725, 2525144725, 2525144725]",Dense,3000000,1,0.005,0.292064,372
2023-05-24 16:02:45.133007,"[2525144725, 2525144725, 2525144725]",Sparse sharing,3000000,1,0.005,5.7506,21600627
2023-05-24 16:02:50.884343,"[2525144725, 2525144725, 2525144725]",Sparse,3000000,1,0.005,259.249995,489776138
2023-05-24 16:07:11.101408,"[319430533, 319430533, 319430533]",Dense sharing,3000000,1,0.01,36.230825,168000225
2023-05-24 16:07:48.410770,"[319430533, 319430533, 319430533]",Dense,3000000,1,0.01,0.292437,372
2023-05-24 16:07:49.644509,"[319430533, 319430533, 319430533]",Sparse sharing,3000000,1,0.01,11.407513,43200719
2023-05-24 16:08:01.202541,"[319430533, 319430533, 319430533]",Sparse,3000000,1,0.01,532.737116,979496822
2023-05-24 16:16:54.987200,"[4009700240, 4009700240, 4009700240]",Dense sharing,5000000,1,0.0001,61.918008,280000665
2023-05-24 16:17:58.795955,"[4009700240, 4009700240, 4009700240]",Dense,5000000,1,0.0001,0.485422,372
2023-05-24 16:18:00.450298,"[4009700240, 4009700240, 4009700240]",Sparse sharing,5000000,1,0.0001,0.17422,748700
2023-05-24 16:18:00.625027,"[4009700240, 4009700240, 4009700240]",Sparse,5000000,1,0.0001,7.521343,16970436
2023-05-24 16:18:09.144439,"[3319005458, 3319005458, 3319005458]",Dense sharing,5000000,1,0.001,62.748904,280000542
2023-05-24 16:19:13.764971,"[3319005458, 3319005458, 3319005458]",Dense,5000000,1,0.001,0.485605,372
2023-05-24 16:19:15.428016,"[3319005458, 3319005458, 3319005458]",Sparse sharing,5000000,1,0.001,1.941186,7480716
2023-05-24 16:19:17.370011,"[3319005458, 3319005458, 3319005458]",Sparse,5000000,1,0.001,88.936033,169179487
2023-05-24 16:20:47.326805,"[3756831835, 3756831835, 3756831835]",Dense sharing,5000000,1,0.005,61.196565,280000429
2023-05-24 16:21:50.401031,"[3756831835, 3756831835, 3756831835]",Dense,5000000,1,0.005,0.499997,372
2023-05-24 16:21:52.081659,"[3756831835, 3756831835, 3756831835]",Sparse sharing,5000000,1,0.005,9.723431,37400786
2023-05-24 16:22:01.938685,"[3756831835, 3756831835, 3756831835]",Sparse,5000000,1,0.005,461.101589,845658892
2023-05-24 16:29:44.140597,"[1794546736, 1794546736, 1794546736]",Dense sharing,5000000,1,0.01,62.135561,280001141
2023-05-24 16:30:48.183475,"[1794546736, 1794546736, 1794546736]",Dense,5000000,1,0.01,0.53696,372
2023-05-24 16:30:49.916911,"[1794546736, 1794546736, 1794546736]",Sparse sharing,5000000,1,0.01,20.103798,74800634
2023-05-24 16:31:10.291021,"[1794546736, 1794546736, 1794546736]",Sparse,5000000,1,0.01,930.914952,1691259538
2023-05-24 16:46:42.475700,"[2850814676, 2850814676, 2850814676]",Dense sharing,7000000,1,0.0001,84.562509,392000852
2023-05-24 16:48:09.686993,"[2850814676, 2850814676, 2850814676]",Dense,7000000,1,0.0001,0.781141,372
2023-05-24 16:48:11.899708,"[2850814676, 2850814676, 2850814676]",Sparse sharing,7000000,1,0.0001,0.24008,1047841
2023-05-24 16:48:12.140549,"[2850814676, 2850814676, 2850814676]",Sparse,7000000,1,0.0001,10.592999,23735207
2023-05-24 16:48:23.930142,"[406941490, 406941490, 406941490]",Dense sharing,7000000,1,0.001,84.6318,392000499
2023-05-24 16:49:51.215881,"[406941490, 406941490, 406941490]",Dense,7000000,1,0.001,0.763568,372
2023-05-24 16:49:53.422492,"[406941490, 406941490, 406941490]",Sparse sharing,7000000,1,0.001,2.673491,10472687
2023-05-24 16:49:56.096721,"[406941490, 406941490, 406941490]",Sparse,7000000,1,0.001,125.544111,236824755
2023-05-24 16:52:02.878475,"[33053673, 33053673, 33053673]",Dense sharing,7000000,1,0.005,84.655743,392001078
2023-05-24 16:53:30.186340,"[33053673, 33053673, 33053673]",Dense,7000000,1,0.005,0.749273,372
2023-05-24 16:53:32.383537,"[33053673, 33053673, 33053673]",Sparse sharing,7000000,1,0.005,13.923231,52360879
2023-05-24 16:53:46.478449,"[33053673, 33053673, 33053673]",Sparse,7000000,1,0.005,654.351261,1183897751
2023-05-24 17:04:42.113889,"[686527336, 686527336, 686527336]",Dense sharing,7000000,1,0.01,85.489951,392000791
2023-05-24 17:06:10.271033,"[686527336, 686527336, 686527336]",Dense,7000000,1,0.01,0.678662,372
2023-05-24 17:06:12.412373,"[686527336, 686527336, 686527336]",Sparse sharing,7000000,1,0.01,27.559562,104720577
2023-05-24 17:06:40.339667,"[686527336, 686527336, 686527336]",Sparse,7000000,1,0.01,1297.363501,2367738604
2023-05-24 17:28:19.232197,"[429363786, 429363786, 429363786]",Dense sharing,9000000,1,0.0001,108.883753,504000133
2023-05-24 17:30:11.538198,"[429363786, 429363786, 429363786]",Dense,9000000,1,0.0001,0.938852,372
2023-05-24 17:30:14.145367,"[429363786, 429363786, 429363786]",Sparse sharing,9000000,1,0.0001,0.32005,1397475
2023-05-24 17:30:14.465983,"[429363786, 429363786, 429363786]",Sparse,9000000,1,0.0001,14.921779,31561423
2023-05-24 17:30:30.810508,"[635089924, 635089924, 635089924]",Dense sharing,9000000,1,0.001,108.349682,504000918
2023-05-24 17:32:22.552544,"[635089924, 635089924, 635089924]",Dense,9000000,1,0.001,0.876926,372
2023-05-24 17:32:25.121333,"[635089924, 635089924, 635089924]",Sparse sharing,9000000,1,0.001,3.733692,13968640
2023-05-24 17:32:28.884044,"[635089924, 635089924, 635089924]",Sparse,9000000,1,0.001,170.660765,315060574
2023-05-24 17:35:21.106683,"[3385014969, 3385014969, 3385014969]",Dense sharing,9000000,1,0.005,109.240658,504000680
2023-05-24 17:37:13.796703,"[3385014969, 3385014969, 3385014969]",Dense,9000000,1,0.005,0.892128,372
2023-05-24 17:37:16.391976,"[3385014969, 3385014969, 3385014969]",Sparse sharing,9000000,1,0.005,18.130711,69840601
2023-05-24 17:37:34.772308,"[3385014969, 3385014969, 3385014969]",Sparse,9000000,1,0.005,875.435106,1575062560
2023-05-24 17:52:11.819650,"[2994306618, 2994306618, 2994306618]",Dense sharing,9000000,1,0.01,108.885338,504001092
2023-05-24 17:54:04.158160,"[2994306618, 2994306618, 2994306618]",Dense,9000000,1,0.01,0.879013,372
2023-05-24 17:54:06.770810,"[2994306618, 2994306618, 2994306618]",Sparse sharing,9000000,1,0.01,36.061714,139680967
2023-05-24 17:54:43.333736,"[2994306618, 2994306618, 2994306618]",Sparse,9000000,1,0.01,1778.375612,3150062200
2023-05-24 18:24:23.333905,"[3178100787, 3178100787, 3178100787]",Dense sharing,10000000,1,0.0001,123.104248,560000245
2023-05-24 18:26:30.246757,"[3178100787, 3178100787, 3178100787]",Dense,10000000,1,0.0001,1.004281,372
2023-05-24 18:26:33.081135,"[3178100787, 3178100787, 3178100787]",Sparse sharing,10000000,1,0.0001,0.38198,1552692
2023-05-24 18:26:33.463583,"[3178100787, 3178100787, 3178100787]",Sparse,10000000,1,0.0001,16.098778,35060715
2023-05-24 18:26:51.063948,"[2982755445, 2982755445, 2982755445]",Dense sharing,10000000,1,0.001,122.447529,560001142
2023-05-24 18:28:57.353990,"[2982755445, 2982755445, 2982755445]",Dense,10000000,1,0.001,1.10328,372
2023-05-24 18:29:00.268505,"[2982755445, 2982755445, 2982755445]",Sparse sharing,10000000,1,0.001,3.946085,15520595
2023-05-24 18:29:04.215385,"[2982755445, 2982755445, 2982755445]",Sparse,10000000,1,0.001,190.569019,350061013
2023-05-24 18:32:16.359670,"[2059370572, 2059370572, 2059370572]",Dense sharing,10000000,1,0.005,123.01903,560000270
2023-05-24 18:34:23.145144,"[2059370572, 2059370572, 2059370572]",Dense,10000000,1,0.005,1.015063,372
2023-05-24 18:34:26.009275,"[2059370572, 2059370572, 2059370572]",Sparse sharing,10000000,1,0.005,20.219552,77600410
2023-05-24 18:34:46.229698,"[2059370572, 2059370572, 2059370572]",Sparse,10000000,1,0.005,959.023826,1750063037
2023-05-24 18:50:46.889505,"[1559037473, 1559037473, 1559037473]",Dense sharing,10000000,1,0.01,121.75537,560001721
2023-05-24 18:52:52.470771,"[1559037473, 1559037473, 1559037473]",Dense,10000000,1,0.01,1.000388,372
2023-05-24 18:52:55.308684,"[1559037473, 1559037473, 1559037473]",Sparse sharing,10000000,1,0.01,40.548392,155200753
2023-05-24 18:53:36.411293,"[1559037473, 1559037473, 1559037473]",Sparse,10000000,1,0.01,1979.880788,3500062479
